nose X,nose Y,left eye X,left eye Y,right eye X,right eye Y,left eye bottom X,left eye bottom Y,right eye bottom X,right eye bottom Y,left eye top X,left eye top Y,right eye top X,right eye top Y,left eye inner X,left eye inner Y,right eye inner X,right eye inner Y,left eye outer X,left eye outer Y,right eye outer X,right eye outer Y,left_pupil X,left_pupil Y,right_pupil X,right_pupil Y,Yaw,Pitch,Roll,Face Size,target X normalized,target Y normalized
0.5531478524208069,0.6453962922096252,0.6078125,0.5270833333333333,0.484375,0.5270833333333333,0.4826217591762543,0.5506173968315125,0.6128163933753967,0.5492591261863708,0.47938868403434753,0.5182848572731018,0.616040825843811,0.5158426761627197,0.5142256021499634,0.5344806909561157,0.5809054374694824,0.5351036787033081,0.45500487089157104,0.5305619835853577,0.6392054557800293,0.5276890993118286,0.6203125,0.5291666666666667,0.4828125,0.5208333333333334,88.65047725540116,90.098584682688,-0.893541132098763,0.17930720682539486,0.012987012987012988,0.0
0.5522036552429199,0.6458927392959595,0.6078125,0.5270833333333333,0.4828125,0.5291666666666667,0.4820953905582428,0.5523538589477539,0.6126736998558044,0.5496719479560852,0.47944962978363037,0.5181480646133423,0.6155919432640076,0.5158661007881165,0.5138710737228394,0.5357131958007812,0.5810037851333618,0.5348899364471436,0.4549935460090637,0.5308806300163269,0.6385469436645508,0.5274956822395325,0.6203125,0.5291666666666667,0.4828125,0.5208333333333334,89.0451281227121,90.91370264929067,-1.0564840702606055,0.18256760780871076,0.025974025974025976,0.0
0.5518352389335632,0.646457850933075,0.6078125,0.5270833333333333,0.4828125,0.5291666666666667,0.48182928562164307,0.5522539019584656,0.6131306886672974,0.5493825674057007,0.4789470136165619,0.5182955265045166,0.6161496043205261,0.5155888199806213,0.5137758851051331,0.5359072685241699,0.5811418294906616,0.53458172082901,0.45415198802948,0.5310209393501282,0.6395787596702576,0.5275079011917114,0.615625,0.5208333333333334,0.48125,0.5208333333333334,88.94692998942045,91.0667734555885,-1.0853782355911399,0.18443943308124483,0.03896103896103896,0.0
0.5521907806396484,0.6453932523727417,0.609375,0.5270833333333333,0.48125,0.5270833333333333,0.48164254426956177,0.5514792203903198,0.6134511828422546,0.5493575930595398,0.47850602865219116,0.5176272988319397,0.6163956522941589,0.5159406065940857,0.513034999370575,0.5350463390350342,0.581466555595398,0.5346804857254028,0.45378074049949646,0.5305521488189697,0.6396915912628174,0.5278654098510742,0.6171875,0.5208333333333334,0.48125,0.5208333333333334,89.13287788526398,91.18616596415298,-0.8279672076459139,0.18586459122028495,0.05194805194805195,0.0
0.5520833134651184,0.6452239155769348,0.6078125,0.5270833333333333,0.4828125,0.5270833333333333,0.4817694127559662,0.5514587163925171,0.6131027340888977,0.5494174957275391,0.478676438331604,0.517367959022522,0.6160653233528137,0.5156407356262207,0.5128620266914368,0.5350121855735779,0.5812876224517822,0.5346180200576782,0.45402514934539795,0.5303904414176941,0.6392679214477539,0.5276765823364258,0.615625,0.51875,0.48125,0.5208333333333334,89.27828374343464,91.2386037492027,-0.8393393529596463,0.18633390196326172,0.06493506493506493,0.0
0.5517944097518921,0.6455081105232239,0.6078125,0.5270833333333333,0.48125,0.5270833333333333,0.4814996123313904,0.5516787767410278,0.6130257844924927,0.5493019223213196,0.4784267246723175,0.5175646543502808,0.6160863041877747,0.5154696106910706,0.512894868850708,0.5352216362953186,0.5813803672790527,0.5344218015670776,0.4537588357925415,0.5305212736129761,0.6392542123794556,0.5275737643241882,0.615625,0.51875,0.48125,0.5208333333333334,89.47176493227701,91.3676011636162,-0.910349541279901,0.1867863927824446,0.07792207792207792,0.0
0.5510456562042236,0.6473913192749023,0.6078125,0.5270833333333333,0.48125,0.5270833333333333,0.4810769855976105,0.5520810484886169,0.6128700971603394,0.5498607158660889,0.47753989696502686,0.5172150135040283,0.6156397461891174,0.5153814554214478,0.5124562382698059,0.5354140996932983,0.5812106728553772,0.5348207950592041,0.4530206024646759,0.5306262373924255,0.6388725638389587,0.5277173519134521,0.6140625,0.5166666666666667,0.4796875,0.5208333333333334,89.31362861758349,91.04500914798653,-0.8966989218191046,0.1853773286698342,0.09090909090909091,0.0
0.5508300065994263,0.6466482281684875,0.6078125,0.5270833333333333,0.48125,0.5270833333333333,0.4811059832572937,0.5520856380462646,0.6128746271133423,0.5497174859046936,0.4776102602481842,0.5173135995864868,0.6157442331314087,0.5154874324798584,0.5123493075370789,0.5355862379074097,0.5808102488517761,0.5347785949707031,0.4532880187034607,0.5306481719017029,0.6391423940658569,0.5274835824966431,0.615625,0.51875,0.48125,0.5208333333333334,89.22362208763342,90.96379428834581,-0.975495446465318,0.18560612332486856,0.1038961038961039,0.0
0.5506011247634888,0.6469712853431702,0.60625,0.5270833333333333,0.48125,0.5291666666666667,0.4813435673713684,0.5524570345878601,0.612385094165802,0.5496564507484436,0.47763144969940186,0.5175252556800842,0.6152253150939941,0.5157382488250732,0.5127938389778137,0.5360068082809448,0.5801224112510681,0.5341916084289551,0.4533284306526184,0.531015932559967,0.6386540532112122,0.527913510799408,0.615625,0.51875,0.48125,0.5208333333333334,89.10220882255655,90.84081140348697,-0.9590636670400036,0.18514280835220404,0.11688311688311688,0.0
0.5508934259414673,0.6470295190811157,0.6078125,0.5270833333333333,0.48125,0.5270833333333333,0.481244832277298,0.5521976351737976,0.6122416257858276,0.5495200753211975,0.47761455178260803,0.5175431370735168,0.6151413917541504,0.5155086517333984,0.5126436948776245,0.5358821749687195,0.580154538154602,0.5338713526725769,0.4532790184020996,0.5310271382331848,0.638495922088623,0.5277445912361145,0.615625,0.51875,0.48125,0.5208333333333334,88.98304175462378,90.79755232043286,-1.0153306621354714,0.18486991644062478,0.12987012987012986,0.0
0.5518995523452759,0.6463069915771484,0.60625,0.5270833333333333,0.4828125,0.5270833333333333,0.48194774985313416,0.5519614219665527,0.6128159761428833,0.5494775772094727,0.47835710644721985,0.5167721509933472,0.6153318881988525,0.5162563920021057,0.5132575035095215,0.5354403257369995,0.5805469155311584,0.5344251394271851,0.4538394510746002,0.5305801033973694,0.6387364864349365,0.5282266139984131,0.615625,0.51875,0.4828125,0.5208333333333334,89.05062699020972,91.16785586628893,-0.7292584636208368,0.18401677220572354,0.14285714285714285,0.0
0.5522465705871582,0.6446062922477722,0.6078125,0.5270833333333333,0.4828125,0.5291666666666667,0.4826577305793762,0.5523489713668823,0.6130298376083374,0.5499832034111023,0.47892165184020996,0.5180558562278748,0.6155379414558411,0.5164616107940674,0.5139584541320801,0.5356549620628357,0.5806627869606018,0.5350878238677979,0.4546048939228058,0.5310583710670471,0.6391174793243408,0.5282900333404541,0.6171875,0.51875,0.4828125,0.5208333333333334,88.92915626050824,90.89838111804708,-0.8595737121581696,0.18403144170593752,0.15584415584415584,0.0
0.5523481369018555,0.6449468731880188,0.6078125,0.5270833333333333,0.4828125,0.5291666666666667,0.48276856541633606,0.5520991086959839,0.6131733655929565,0.5500562787055969,0.47900769114494324,0.5181758403778076,0.6155574917793274,0.5166969299316406,0.514068067073822,0.5354637503623962,0.5808342695236206,0.5349798202514648,0.45473191142082214,0.531026303768158,0.6389908790588379,0.5283933281898499,0.6171875,0.5208333333333334,0.484375,0.5229166666666667,88.71746211006847,90.95935743324632,-0.8186745178227878,0.18302880526978993,0.16883116883116883,0.0
0.55228590965271,0.6455641984939575,0.6078125,0.5270833333333333,0.4828125,0.5291666666666667,0.48264363408088684,0.5519297122955322,0.613201379776001,0.5501010417938232,0.4791546165943146,0.5184358358383179,0.6156090497970581,0.5165683031082153,0.5144412517547607,0.5358599424362183,0.5808960199356079,0.535178005695343,0.4548710882663727,0.5311119556427002,0.6390382647514343,0.5283263325691223,0.6171875,0.51875,0.4828125,0.5208333333333334,88.65367542013807,90.77396045247953,-0.866561993566836,0.18216679974417377,0.18181818181818182,0.0
0.5522360801696777,0.6465273499488831,0.6078125,0.5270833333333333,0.4828125,0.5291666666666667,0.4825982451438904,0.5519551634788513,0.6130561828613281,0.550054669380188,0.47924503684043884,0.5188537240028381,0.6155601143836975,0.5165081024169922,0.5145479440689087,0.5360736846923828,0.5808482766151428,0.5350393652915955,0.4549180865287781,0.5313372015953064,0.6388658285140991,0.5282812714576721,0.6171875,0.51875,0.4828125,0.5208333333333334,88.84996293765245,90.78116511407372,-0.9517691933037196,0.18161572854337982,0.19480519480519481,0.0
0.551898717880249,0.6471511125564575,0.6078125,0.5270833333333333,0.4828125,0.5291666666666667,0.4824945330619812,0.5519081354141235,0.6129814982414246,0.5501289367675781,0.4790773391723633,0.5187985301017761,0.6155218482017517,0.5165168642997742,0.51442551612854,0.5360466837882996,0.5806198120117188,0.535250186920166,0.4546453654766083,0.5312740206718445,0.6389352083206177,0.5283591151237488,0.615625,0.5208333333333334,0.48125,0.5208333333333334,88.82022573257727,90.8718392973282,-0.9061696381873208,0.18173411305966616,0.2077922077922078,0.0
0.551885187625885,0.6469753980636597,0.60625,0.5270833333333333,0.4828125,0.5291666666666667,0.4825352728366852,0.5517852306365967,0.6128354072570801,0.5501996278762817,0.47906628251075745,0.5187200307846069,0.6153926849365234,0.5167782306671143,0.5141748189926147,0.5356643199920654,0.5804588198661804,0.5351521968841553,0.4547445774078369,0.5313019156455994,0.6387376189231873,0.5285274386405945,0.6171875,0.5229166666666667,0.4828125,0.5229166666666667,88.69687380013283,90.8080615387463,-0.863911886710235,0.18154616759392614,0.22077922077922077,0.0
0.5518630743026733,0.6468513011932373,0.6078125,0.5270833333333333,0.4828125,0.5291666666666667,0.48247992992401123,0.5518645644187927,0.6129283905029297,0.5501798987388611,0.4790634214878082,0.5186859369277954,0.6154320240020752,0.5167138576507568,0.514160692691803,0.5358084440231323,0.5805694460868835,0.5351588726043701,0.4546404182910919,0.5314003825187683,0.6388137936592102,0.5285253524780273,0.615625,0.5229166666666667,0.4734375,0.5229166666666667,88.72895707451475,90.8198374205284,-0.8943405003983939,0.18183102864277204,0.23376623376623376,0.0
0.5510842800140381,0.6474090814590454,0.60625,0.5270833333333333,0.4828125,0.5291666666666667,0.48224812746047974,0.5519437789916992,0.6126319169998169,0.5497652292251587,0.4789324104785919,0.5189728736877441,0.61531662940979,0.5162924528121948,0.513775646686554,0.5359103083610535,0.5803607106208801,0.5344222187995911,0.4546838104724884,0.531631588935852,0.6387109160423279,0.5283231735229492,0.615625,0.5208333333333334,0.4734375,0.5208333333333334,88.79253822397821,90.81719552372385,-1.0299451345802604,0.1817620903048293,0.24675324675324675,0.0
0.5512973070144653,0.6474356055259705,0.60625,0.5270833333333333,0.4828125,0.5291666666666667,0.482031911611557,0.5518858432769775,0.612531304359436,0.5498544573783875,0.47859957814216614,0.5190962553024292,0.6150956153869629,0.5163083672523499,0.5139598250389099,0.535904586315155,0.5802016258239746,0.5344517827033997,0.454142689704895,0.5315057039260864,0.6386071443557739,0.5284135341644287,0.615625,0.5208333333333334,0.4734375,0.5229166666666667,88.66733325714816,90.85139439072078,-0.9603567551504306,0.18094362451619808,0.2597402597402597,0.0
0.5513890385627747,0.6468188166618347,0.60625,0.5270833333333333,0.4828125,0.5291666666666667,0.48242127895355225,0.5517223477363586,0.6121656894683838,0.5497679114341736,0.4788467288017273,0.5190258026123047,0.6147940158843994,0.5165162682533264,0.5140777230262756,0.5355123281478882,0.5798444747924805,0.5346701145172119,0.45471224188804626,0.531369149684906,0.6381743550300598,0.5284122228622437,0.6171875,0.5208333333333334,0.475,0.5229166666666667,88.95944897007853,90.68094553303966,-0.9233773482995709,0.18078809409325058,0.2727272727272727,0.0
0.5512822866439819,0.6466172337532043,0.60625,0.5270833333333333,0.4828125,0.5291666666666667,0.48241952061653137,0.5518015027046204,0.6121349334716797,0.549834132194519,0.47876060009002686,0.5189822912216187,0.6147663593292236,0.5166897177696228,0.5141724348068237,0.5356776714324951,0.5797622203826904,0.5346657633781433,0.45449647307395935,0.5312892198562622,0.6381028890609741,0.5286147594451904,0.615625,0.5229166666666667,0.4734375,0.525,88.96813878575676,90.7023669943562,-0.8345267073496393,0.18094771232711002,0.2857142857142857,0.0
0.5517163276672363,0.6458501815795898,0.60625,0.5270833333333333,0.4828125,0.5291666666666667,0.48242509365081787,0.5517070889472961,0.6121014952659607,0.5500385165214539,0.47895076870918274,0.5189077854156494,0.6146756410598755,0.5168188810348511,0.5140932202339172,0.5353943109512329,0.5797713994979858,0.5346924662590027,0.4546355605125427,0.5312826037406921,0.6378681659698486,0.5287255644798279,0.615625,0.5229166666666667,0.484375,0.525,88.8199264134822,90.60414019255639,-0.7995195387813712,0.18132701371217297,0.2987012987012987,0.0
0.5516182780265808,0.6457048654556274,0.60625,0.5270833333333333,0.4828125,0.5291666666666667,0.482288122177124,0.551665186882019,0.6121782064437866,0.5500184297561646,0.4789707660675049,0.5189752578735352,0.6148115992546082,0.5167054533958435,0.5140284895896912,0.5356094241142273,0.5799382925033569,0.5345326662063599,0.4545952081680298,0.5312504768371582,0.6380385160446167,0.5287642478942871,0.6140625,0.51875,0.484375,0.5229166666666667,88.82122417726177,90.68724872584714,-0.7764889645813852,0.18147064213187952,0.3116883116883117,0.0
0.5513165593147278,0.6465216279029846,0.60625,0.5270833333333333,0.4828125,0.5291666666666667,0.4821646511554718,0.5520140528678894,0.6119422912597656,0.5498106479644775,0.4788665175437927,0.5193045735359192,0.6144356727600098,0.5168072581291199,0.5136372447013855,0.5358083248138428,0.5796585083007812,0.5341441631317139,0.4546239376068115,0.5315800309181213,0.6376024484634399,0.5288717150688171,0.6140625,0.51875,0.484375,0.5229166666666667,88.80962165985174,90.77994831808978,-0.8479888524085407,0.18101428757094568,0.3246753246753247,0.0
0.5512606501579285,0.6461529731750488,0.60625,0.5270833333333333,0.48125,0.5291666666666667,0.4817274510860443,0.5523541569709778,0.6114068031311035,0.5500035285949707,0.47822141647338867,0.5194849371910095,0.6140093803405762,0.5165383219718933,0.513074517250061,0.5360774993896484,0.5787674784660339,0.5337877869606018,0.45400822162628174,0.53212571144104,0.6372900009155273,0.5288037657737732,0.6140625,0.5166666666666667,0.484375,0.5208333333333334,88.71226941559725,90.69552160386759,-1.0383608741928814,0.1811793195572552,0.33766233766233766,0.0
0.5507684946060181,0.6469985842704773,0.60625,0.5270833333333333,0.48125,0.5291666666666667,0.4816138446331024,0.5520151257514954,0.6114388108253479,0.5500480532646179,0.4780696630477905,0.519357442855835,0.6140731573104858,0.5165908932685852,0.5127604603767395,0.5357839465141296,0.5790978074073792,0.5342269539833069,0.4538668990135193,0.5317994952201843,0.6373289823532104,0.5284661650657654,0.615625,0.5208333333333334,0.484375,0.5229166666666667,88.721831237348,90.64151496679335,-1.0408948517510346,0.18076301065735065,0.35064935064935066,0.0
0.550347089767456,0.6463466286659241,0.603125,0.525,0.48125,0.5291666666666667,0.4805119037628174,0.5520881414413452,0.6099521517753601,0.5485852956771851,0.4768810570240021,0.519399881362915,0.6129142045974731,0.5160934925079346,0.5119184851646423,0.5355185866355896,0.5779567956924438,0.5326218605041504,0.45265787839889526,0.5318574905395508,0.6356951594352722,0.5280581712722778,0.6140625,0.5166666666666667,0.4828125,0.5229166666666667,88.35013193972014,90.53506765295973,-1.1891222500567005,0.18086924094543283,0.36363636363636365,0.0
0.5499371290206909,0.6465019583702087,0.603125,0.525,0.478125,0.5270833333333333,0.4794188439846039,0.5497620105743408,0.6085169315338135,0.5472301840782166,0.47574901580810547,0.5165849924087524,0.6116185188293457,0.5140982866287231,0.5100063681602478,0.5338538289070129,0.5766236186027527,0.5314570665359497,0.45099854469299316,0.5297344923019409,0.6346253156661987,0.5263223648071289,0.6109375,0.5145833333333333,0.48125,0.51875,88.24790197658763,90.68681209780357,-1.0645398111941673,0.18093118673592226,0.37662337662337664,0.0
0.5495308041572571,0.646067202091217,0.603125,0.525,0.4796875,0.5270833333333333,0.47897979617118835,0.550123929977417,0.6082818508148193,0.5473458170890808,0.4752545952796936,0.5162064433097839,0.6118016242980957,0.5136690139770508,0.5100451707839966,0.5343350172042847,0.5763936638832092,0.5315999984741211,0.45065248012542725,0.529807984828949,0.6346501111984253,0.5260306596755981,0.6109375,0.5145833333333333,0.4703125,0.51875,88.12782836642565,90.62537376649844,-1.1760716244465497,0.18144004534425676,0.38961038961038963,0.0
0.5487768650054932,0.6466892957687378,0.603125,0.5229166666666667,0.478125,0.5270833333333333,0.47849220037460327,0.5503160357475281,0.6080592274665833,0.5471139550209045,0.47470054030418396,0.5159545540809631,0.6112419962882996,0.5129871368408203,0.5096203684806824,0.5337566137313843,0.5759264230728149,0.5317893028259277,0.45045560598373413,0.5299353003501892,0.6342164874076843,0.5255147218704224,0.6109375,0.5145833333333333,0.4703125,0.51875,88.28983874562876,90.40857061683333,-1.3780498180206786,0.1810400983025314,0.4025974025974026,0.0
0.5478812456130981,0.6484876275062561,0.6015625,0.525,0.478125,0.5270833333333333,0.47743773460388184,0.551152229309082,0.6074374318122864,0.5478405356407166,0.4738113284111023,0.5165439248085022,0.6107423901557922,0.5129109025001526,0.508797824382782,0.5345066785812378,0.5749891996383667,0.5325150489807129,0.44939833879470825,0.5303297638893127,0.6338189840316772,0.5254017114639282,0.609375,0.5145833333333333,0.46875,0.51875,88.43651347471203,90.4660926679676,-1.530682357046132,0.1811090047104212,0.4155844155844156,0.0
0.5481193661689758,0.648420512676239,0.6015625,0.525,0.478125,0.5270833333333333,0.4773271083831787,0.5510993003845215,0.6075131893157959,0.5480352640151978,0.4735039472579956,0.5160923600196838,0.6107827425003052,0.5129745006561279,0.5083075761795044,0.5346294045448303,0.575046181678772,0.5325300693511963,0.44891583919525146,0.5299052596092224,0.6339716911315918,0.5254415273666382,0.6109375,0.5145833333333333,0.46875,0.51875,88.34802474728397,90.49338492880766,-1.3817635705263442,0.18136585524027532,0.42857142857142855,0.0
0.5473542213439941,0.6490934491157532,0.6015625,0.525,0.4765625,0.5270833333333333,0.4768923223018646,0.550959587097168,0.6062227487564087,0.5474376082420349,0.47255465388298035,0.5173081159591675,0.609803318977356,0.514227569103241,0.5071292519569397,0.5349434018135071,0.5739671587944031,0.5332604646682739,0.4479673504829407,0.5305659770965576,0.6328347325325012,0.5262601375579834,0.609375,0.5145833333333333,0.4671875,0.51875,87.93319405572682,90.2182376991022,-1.3342636885531982,0.1810996623129657,0.44155844155844154,0.0
0.5461927652359009,0.650012731552124,0.5984375,0.5229166666666667,0.4734375,0.525,0.47530120611190796,0.5496416091918945,0.6039021015167236,0.5459926724433899,0.4706963896751404,0.5142049789428711,0.607445478439331,0.5121964812278748,0.5045552849769592,0.5339627265930176,0.5723782181739807,0.5322060585021973,0.44556647539138794,0.5283273458480835,0.6296233534812927,0.5247857570648193,0.60625,0.5125,0.4640625,0.5166666666666667,87.32729110532046,90.13987933450008,-1.1023388770496532,0.18033926765585073,0.45454545454545453,0.0
0.5459705591201782,0.6499420404434204,0.5984375,0.5229166666666667,0.4734375,0.525,0.47546178102493286,0.5495842099189758,0.6039565801620483,0.54588782787323,0.47068876028060913,0.5141786336898804,0.6074957847595215,0.5122621655464172,0.5045496821403503,0.5338661074638367,0.5726491808891296,0.5321059226989746,0.4455581605434418,0.5283944606781006,0.6297087669372559,0.5248205065727234,0.60625,0.5125,0.459375,0.5166666666666667,87.28021315089396,90.07431094550296,-1.1118441922909703,0.18047623888296077,0.4675324675324675,0.0
0.5455283522605896,0.6508895754814148,0.5984375,0.5229166666666667,0.4734375,0.525,0.47484201192855835,0.5499969720840454,0.6043276190757751,0.5458977222442627,0.47028648853302,0.5129443407058716,0.6077677011489868,0.5113009214401245,0.504431962966919,0.534443736076355,0.5726451277732849,0.5315065383911133,0.4449259340763092,0.5273637771606445,0.6302001476287842,0.5234147310256958,0.603125,0.5125,0.4578125,0.5166666666666667,87.41902543280045,90.1953447350323,-1.2210518498330245,0.18024569494227996,0.4805194805194805,0.0
0.5455561876296997,0.6504498720169067,0.5984375,0.5229166666666667,0.4734375,0.525,0.47489839792251587,0.5497844219207764,0.6043217182159424,0.5458663105964661,0.4702666401863098,0.5127426981925964,0.6077253818511963,0.5112603902816772,0.5044423937797546,0.5340374112129211,0.5725714564323425,0.5317181348800659,0.4448847770690918,0.5272667407989502,0.6301865577697754,0.5234862565994263,0.603125,0.5125,0.4578125,0.51875,87.28662376368149,90.18054355890486,-1.168773138958154,0.18035280073996515,0.4935064935064935,0.0
0.5466277003288269,0.6502367258071899,0.6,0.5229166666666667,0.4734375,0.525,0.47568589448928833,0.5497995018959045,0.6056609749794006,0.5462397336959839,0.47055283188819885,0.5128251314163208,0.608802080154419,0.5110718607902527,0.5054531693458557,0.5340741872787476,0.5739068388938904,0.5326260328292847,0.44506341218948364,0.5272347927093506,0.6314055919647217,0.5237123370170593,0.603125,0.5104166666666666,0.459375,0.5208333333333334,87.37518910849123,90.13292840396893,-1.0829422041074217,0.18053645835349283,0.5064935064935064,0.0
0.5469582676887512,0.6506690979003906,0.6,0.5229166666666667,0.4734375,0.525,0.4760943055152893,0.5495012402534485,0.6060999631881714,0.5463252067565918,0.47086888551712036,0.5118412971496582,0.6091397404670715,0.5107439160346985,0.5058888792991638,0.5336906909942627,0.5744643807411194,0.5326158404350281,0.44540852308273315,0.5264571309089661,0.6318274736404419,0.5234314203262329,0.5953125,0.5104166666666666,0.459375,0.5208333333333334,87.20594973294473,90.00840765312279,-0.9298691211105893,0.1800360552277465,0.5194805194805194,0.0
0.5469666123390198,0.6500948667526245,0.6015625,0.5229166666666667,0.4734375,0.525,0.47635114192962646,0.5494653582572937,0.6058796644210815,0.5459771156311035,0.47108685970306396,0.5114725828170776,0.6094595193862915,0.5099776983261108,0.5061966180801392,0.5332809686660767,0.5742424726486206,0.5314390659332275,0.4458741843700409,0.5264846682548523,0.6320293545722961,0.5229498147964478,0.59375,0.5125,0.459375,0.51875,87.27074200021288,90.05926066646951,-1.087844333818429,0.18015964759771952,0.5324675324675324,0.0
0.5471581220626831,0.649973452091217,0.6,0.5229166666666667,0.4734375,0.525,0.4762786626815796,0.5495349764823914,0.6060153841972351,0.5458934903144836,0.47118985652923584,0.5114671587944031,0.6095204949378967,0.509791374206543,0.5061283707618713,0.5335378050804138,0.5743597745895386,0.5314532518386841,0.4459614157676697,0.5264387130737305,0.6320801377296448,0.5227300524711609,0.59375,0.5145833333333333,0.459375,0.51875,87.31538298566764,90.03796894866801,-1.141542779402383,0.1800436906986625,0.5454545454545454,0.0
0.5477205514907837,0.649436891078949,0.6015625,0.5229166666666667,0.475,0.525,0.47659769654273987,0.5495930910110474,0.6066954731941223,0.5456892251968384,0.4715728163719177,0.5113913416862488,0.6095857620239258,0.5105299949645996,0.5061929821968079,0.5334898829460144,0.5744355320930481,0.5318690538406372,0.446172297000885,0.5265648365020752,0.6325013041496277,0.5229354500770569,0.59375,0.5375,0.4578125,0.5208333333333334,87.41204477443029,90.12617084941768,-1.1158876145586878,0.18026599550358843,0.5584415584415584,0.0
0.5493860244750977,0.6489689946174622,0.6015625,0.5208333333333334,0.475,0.525,0.47753772139549255,0.5493924021720886,0.6074956059455872,0.5451862215995789,0.47223150730133057,0.5116181373596191,0.6101300120353699,0.5102174878120422,0.506565511226654,0.5334039330482483,0.5759057998657227,0.5319105982780457,0.4467807114124298,0.5265685319900513,0.6328843832015991,0.522581934928894,0.5921875,0.5354166666666667,0.4578125,0.5166666666666667,87.31339583304273,90.1575433794184,-1.2271668560081377,0.18030822011264336,0.5714285714285714,0.0
0.5485774874687195,0.64919513463974,0.603125,0.5208333333333334,0.475,0.525,0.4774020314216614,0.549055814743042,0.6072527766227722,0.545406699180603,0.4720497727394104,0.5114380717277527,0.6100524663925171,0.5097507238388062,0.5062928795814514,0.5330566763877869,0.5755708813667297,0.5320782661437988,0.44671356678009033,0.5264345407485962,0.632842481136322,0.522267758846283,0.5921875,0.5354166666666667,0.4578125,0.5166666666666667,87.46440403979219,90.18542138645545,-1.2824399049079387,0.18042959314499823,0.5844155844155844,0.0
0.547416090965271,0.6484688520431519,0.6015625,0.5229166666666667,0.4734375,0.525,0.4768563508987427,0.5494050979614258,0.6070806980133057,0.5454508662223816,0.47134897112846375,0.511690616607666,0.60978102684021,0.5095451474189758,0.5059990882873535,0.5331188440322876,0.5752264261245728,0.5319716334342957,0.446002721786499,0.5265832543373108,0.6326810121536255,0.5225348472595215,0.5921875,0.5354166666666667,0.4578125,0.5166666666666667,87.65884757958851,89.98157989435913,-1.242352742570704,0.18096677218875754,0.5974025974025974,0.0
0.5472691655158997,0.6483986377716064,0.6015625,0.5208333333333334,0.4734375,0.525,0.47677141427993774,0.5493612289428711,0.607107400894165,0.5453109741210938,0.4712474048137665,0.5117164850234985,0.6097909212112427,0.5095379948616028,0.5059590339660645,0.5330385565757751,0.5752245783805847,0.5318013429641724,0.4459240734577179,0.526645839214325,0.6327416896820068,0.5225595831871033,0.5921875,0.5354166666666667,0.4578125,0.5166666666666667,87.70459371342824,89.99274470071992,-1.2530290373824322,0.1811294064958028,0.6103896103896104,0.0
0.547030508518219,0.6491075754165649,0.6015625,0.5229166666666667,0.475,0.525,0.4766354262828827,0.5496659278869629,0.6071158051490784,0.5458341240882874,0.47120797634124756,0.5121535658836365,0.6097302436828613,0.5103356838226318,0.5060334205627441,0.5334702730178833,0.5753150582313538,0.5328865051269531,0.44592520594596863,0.527051568031311,0.6327829360961914,0.522890567779541,0.5921875,0.5375,0.45625,0.5166666666666667,87.63648368048312,89.9668459990542,-1.275667630075915,0.18053908907787777,0.6233766233766234,0.0
0.5471693277359009,0.649233341217041,0.6015625,0.5229166666666667,0.4734375,0.525,0.47654086351394653,0.5500701069831848,0.6070647835731506,0.5463626980781555,0.47117674350738525,0.5122025609016418,0.6097028851509094,0.5099920630455017,0.505853533744812,0.534049391746521,0.5755258202552795,0.5332514643669128,0.445941299200058,0.5272202491760254,0.6326701641082764,0.5229778289794922,0.5921875,0.5375,0.453125,0.5166666666666667,87.73586329904724,90.02167555046012,-1.3015179085119974,0.18057097540814276,0.6363636363636364,0.0
0.5470419526100159,0.6496638655662537,0.6015625,0.5229166666666667,0.4734375,0.525,0.47629666328430176,0.5500586628913879,0.6067846417427063,0.5461041331291199,0.47103774547576904,0.5121017694473267,0.6094852089881897,0.5099143981933594,0.505887508392334,0.5340214967727661,0.575095534324646,0.5328142642974854,0.44578084349632263,0.5271109938621521,0.6324687600135803,0.5228084325790405,0.5921875,0.5375,0.453125,0.51875,87.58666101845436,89.96555381266327,-1.3202513293195872,0.18035676673825493,0.6493506493506493,0.0
0.5473618507385254,0.6483682990074158,0.6015625,0.5229166666666667,0.475,0.525,0.47687506675720215,0.5495939254760742,0.6066490411758423,0.5460435748100281,0.47174593806266785,0.5116243958473206,0.6092159748077393,0.5097373723983765,0.505784273147583,0.533495306968689,0.5748578906059265,0.5328138470649719,0.4463881850242615,0.5266820192337036,0.6320673227310181,0.522367537021637,0.5921875,0.5354166666666667,0.453125,0.51875,87.65130800677368,90.1957084050422,-1.3310980927546325,0.18010781480797933,0.6623376623376623,0.0
0.5470434427261353,0.6500118970870972,0.6,0.5229166666666667,0.475,0.525,0.4764825403690338,0.5496028065681458,0.6064842939376831,0.5459341406822205,0.471336305141449,0.5117321610450745,0.6090840101242065,0.5101384520530701,0.5057318210601807,0.5334307551383972,0.5750073194503784,0.5327006578445435,0.44603487849235535,0.5267562866210938,0.6319338083267212,0.522663950920105,0.5921875,0.5375,0.453125,0.51875,87.56098756260388,90.14304996240496,-1.261092247681947,0.17945992244485945,0.6753246753246753,0.0
0.5473722815513611,0.6503612399101257,0.6015625,0.5229166666666667,0.4734375,0.525,0.47679826617240906,0.5499545931816101,0.6069051623344421,0.5458872318267822,0.47134506702423096,0.5117668509483337,0.6097823977470398,0.5100927948951721,0.5058963298797607,0.5337434411048889,0.5750507712364197,0.5325497984886169,0.4459895193576813,0.5269297361373901,0.6326780319213867,0.5227473974227905,0.5921875,0.5375,0.453125,0.51875,87.42884255304457,90.1107274075912,-1.2833691626239594,0.18003803205971472,0.6883116883116883,0.0
0.5494345426559448,0.6484561562538147,0.6015625,0.5229166666666667,0.475,0.525,0.4781576991081238,0.5492433309555054,0.6077077984809875,0.5456092953681946,0.4726148247718811,0.5116637945175171,0.6104194521903992,0.510407030582428,0.5064488053321838,0.5329840183258057,0.5764793157577515,0.5323259830474854,0.44721442461013794,0.5266624093055725,0.6331217288970947,0.5229480266571045,0.59375,0.5375,0.4546875,0.51875,87.53294706038858,90.41064079881086,-1.1446034273440706,0.18067907377573414,0.7012987012987013,0.0
0.5492300391197205,0.6484988927841187,0.603125,0.5229166666666667,0.475,0.525,0.47795653343200684,0.5491431355476379,0.6083276271820068,0.5456092953681946,0.47233307361602783,0.5111477971076965,0.6109288334846497,0.5100255012512207,0.5064785480499268,0.5328955054283142,0.5772610902786255,0.5325710773468018,0.44701963663101196,0.5264142155647278,0.6337568759918213,0.5227172374725342,0.59375,0.5375,0.4546875,0.51875,87.57240951572344,90.37461064299887,-1.1341796330695462,0.18064472549288169,0.7142857142857143,0.0
0.5493354201316833,0.6486690640449524,0.603125,0.5229166666666667,0.475,0.5229166666666667,0.47783413529396057,0.5489246249198914,0.6084747910499573,0.5455988645553589,0.4721450209617615,0.5107839107513428,0.610934853553772,0.5101435780525208,0.506442666053772,0.5328628420829773,0.5773460865020752,0.5327556729316711,0.44674795866012573,0.5260392427444458,0.6338950395584106,0.5227689146995544,0.5921875,0.5375,0.453125,0.5166666666666667,87.50612101529279,90.39846694784202,-1.0011212818274444,0.18045946438631832,0.7272727272727273,0.0
0.5490183234214783,0.6487010717391968,0.603125,0.5229166666666667,0.475,0.5229166666666667,0.4779055714607239,0.549109697341919,0.6086078882217407,0.5456264615058899,0.47207117080688477,0.5105385780334473,0.6113855838775635,0.5098690986633301,0.5069489479064941,0.5328001379966736,0.5772264003753662,0.5322719216346741,0.44666969776153564,0.525804340839386,0.6343952417373657,0.5226044654846191,0.603125,0.5145833333333333,0.453125,0.5166666666666667,87.4873831216906,90.26280034444359,-0.9765405157620944,0.18082188624725465,0.7402597402597403,0.0
0.5511636137962341,0.6480581164360046,0.60625,0.5333333333333333,0.478125,0.5354166666666667,0.4813925623893738,0.5521820783615112,0.6094303131103516,0.5485443472862244,0.4774017035961151,0.5354702472686768,0.6129733920097351,0.5363356471061707,0.5096147656440735,0.5354786515235901,0.58085697889328,0.5351496338844299,0.4504269063472748,0.5381561517715454,0.6396766901016235,0.536228597164154,0.6078125,0.5375,0.4578125,0.5395833333333333,88.59283258798544,90.24794816294688,-0.5835511292140213,0.18436254723837806,0.7532467532467533,0.0
